{"cameraMode":{"drawMode":0,"name":"Shaded","section":"Shading Mode"},"sceneLighting":true,"audioPlay":false,"sceneViewState":{"showFog":true,"showMaterialUpdate":false,"showSkybox":true,"showFlares":true,"showImageEffects":true,"showParticleSystems":true},"in2DMode":false,"pivot":{"x":1282.852294921875,"y":-418.3931884765625,"z":-944.2901611328125},"rotation":{"x":0.05677269771695137,"y":0.888528048992157,"z":-0.11688827723264694,"w":0.44025346636772158},"size":1682.358642578125,"orthographic":false}