{"cameraMode":{"drawMode":0,"name":"Shaded","section":"Shading Mode"},"sceneLighting":true,"audioPlay":false,"sceneViewState":{"showFog":true,"showMaterialUpdate":false,"showSkybox":true,"showFlares":true,"showImageEffects":true,"showParticleSystems":true},"in2DMode":false,"pivot":{"x":-0.2454662322998047,"y":-0.010999653488397599,"z":-99.9498519897461},"rotation":{"x":-0.0010497926268726588,"y":0.9984883069992065,"z":-0.056773435324430469,"w":-0.0005497526726685464},"size":0.3689512312412262,"orthographic":false}