{"cameraMode":{"drawMode":0,"name":"Shaded","section":"Shading Mode"},"sceneLighting":true,"audioPlay":false,"sceneViewState":{"showFog":true,"showMaterialUpdate":false,"showSkybox":true,"showFlares":true,"showImageEffects":true,"showParticleSystems":true},"in2DMode":false,"pivot":{"x":8.593512535095215,"y":-43.216087341308597,"z":-34.446006774902347},"rotation":{"x":0.11515549570322037,"y":-0.3780688941478729,"z":0.04727938026189804,"w":0.917424738407135},"size":22.0,"orthographic":false}